{
    "loss": 0.8968103528022766,
    "accuracy": 0.8793103694915771
}