{
    "loss": 0.5988221764564514,
    "accuracy": 0.9482758641242981
}